Cow_ID,Day,Milk_Temperature,Milk_pH,Milk_Conductivity,Somatic_Cell_Count,Milk_Yield,Clotting,class1
C0001,7,35.38,6.49,4.68,148,17.3,0,0
C0002,20,35.68,6.46,5.04,101,20.4,0,0
C0003,29,34.87,6.84,4.73,206,18.5,0,0
C0004,15,36.22,6.69,4.48,96,23.5,0,0
C0005,11,35.46,6.56,5.0,142,23.9,0,0
C0006,8,36.06,6.7,4.63,108,22.6,0,0
C0007,29,35.67,6.39,4.86,173,20.9,0,0
C0008,21,38.48,6.89,7.33,733,6.9,0,1
C0009,7,35.78,6.68,4.51,129,16.4,0,0
C0010,26,35.72,6.74,4.73,184,25.8,0,0
C0011,19,35.82,6.55,4.7,151,17.7,0,0
C0012,23,38.37,6.93,6.29,762,10.8,1,1
C0013,11,35.6,6.56,4.62,111,23.2,0,0
C0014,11,35.85,6.68,4.15,94,18.3,0,0
C0015,24,37.88,7.03,6.47,597,5.5,0,1
C0016,21,37.58,7.3,6.68,685,15.0,1,1
C0017,4,39.09,7.05,6.33,777,12.5,1,1
C0018,8,36.4,6.72,4.63,147,18.6,0,0
C0019,24,35.48,6.74,5.0,158,16.1,0,0
C0020,3,34.78,6.63,4.49,85,18.5,0,0
C0021,22,35.56,6.65,4.24,226,20.6,0,0
C0022,21,35.16,6.51,4.65,143,20.2,0,0
C0023,2,35.92,6.62,4.55,178,18.8,0,0
C0024,24,38.1,7.28,5.76,544,7.4,1,1
C0025,12,35.28,6.91,4.65,162,21.4,0,0
C0026,30,34.56,6.54,4.85,98,25.9,0,0
C0027,6,35.27,6.8,4.7,168,21.4,0,0
C0028,2,34.29,6.75,4.79,136,21.8,0,0
C0029,28,34.71,6.68,5.24,151,21.7,0,0
C0030,21,35.88,6.83,4.6,178,21.2,0,0
C0031,1,35.89,6.69,4.78,101,22.8,0,0
C0032,12,35.71,6.69,4.55,123,21.2,0,0
C0033,26,35.02,6.64,4.45,168,19.1,0,0
C0034,22,35.48,6.77,4.52,234,17.6,0,0
C0035,29,38.04,7.21,7.08,791,9.1,1,1
C0036,12,34.92,6.59,4.81,174,20.9,0,0
C0037,25,36.25,6.52,5.4,146,19.1,0,0
C0038,17,37.62,7.11,6.83,569,10.3,1,1
C0039,27,35.39,6.57,4.58,80,21.3,0,0
C0040,27,38.67,7.11,8.0,632,10.9,1,1
C0041,10,35.6,6.77,4.82,85,23.8,0,0
C0042,28,38.06,7.02,7.14,459,8.2,1,1
C0043,28,35.38,6.65,5.09,162,16.1,0,0
C0044,16,38.34,7.09,7.08,525,9.2,1,1
C0045,15,35.0,6.73,3.98,139,20.1,0,0
C0046,30,37.62,6.96,6.78,759,11.0,0,1
C0047,30,36.4,6.59,5.03,274,24.2,0,0
C0048,15,35.82,6.67,4.23,140,20.4,0,0
C0049,30,38.54,7.33,7.2,388,13.4,1,1
C0050,19,35.79,6.6,4.87,124,24.1,0,0
C0051,12,36.2,6.46,4.77,162,18.1,0,0
C0052,23,35.96,6.71,4.37,140,21.7,0,0
C0053,20,35.53,6.59,4.4,134,19.7,0,0
C0054,25,35.18,6.53,4.41,223,19.4,0,0
C0055,3,35.85,6.59,4.73,197,17.7,0,0
C0056,5,37.21,6.85,6.16,396,8.1,1,1
C0057,19,35.95,6.59,4.85,58,18.9,0,0
C0058,7,35.82,6.43,3.84,136,22.1,0,0
C0059,21,37.21,7.08,6.43,506,6.8,1,1
C0060,9,38.45,7.3,6.73,624,9.7,1,1
C0061,7,36.16,6.72,4.62,194,23.2,0,0
C0062,18,35.6,6.54,4.54,208,20.3,0,0
C0063,4,36.54,6.63,4.94,159,19.3,0,0
C0064,25,35.16,6.65,4.14,116,21.2,0,0
C0065,28,36.37,6.71,4.71,53,26.9,0,0
C0066,14,35.6,6.72,4.87,177,14.7,0,0
C0067,18,35.17,6.58,5.26,117,22.3,0,0
C0068,26,35.26,6.66,4.56,157,17.3,0,0
C0069,9,37.89,6.97,6.88,427,8.6,1,1
C0070,26,37.51,7.05,7.0,573,6.3,1,1
C0071,21,35.76,6.72,3.98,151,18.7,0,0
C0072,2,35.21,6.73,4.95,161,20.0,0,0
C0073,20,35.49,6.66,4.7,105,16.6,0,0
C0074,28,37.67,7.14,6.0,595,9.9,1,1
C0075,15,36.36,6.69,4.29,126,14.6,0,0
C0076,28,35.72,6.56,4.86,83,21.6,0,0
C0077,7,37.45,7.13,6.28,645,8.1,0,1
C0078,12,38.71,7.24,6.58,775,13.4,1,1
C0079,29,37.95,7.14,7.44,529,8.5,0,1
C0080,8,34.99,6.6,4.7,204,15.3,0,0
C0081,15,35.37,6.68,4.23,141,20.1,0,0
C0082,3,34.67,6.7,5.11,145,15.7,0,0
C0083,14,38.48,7.15,7.17,553,4.9,1,1
C0084,17,38.14,7.09,7.07,509,7.8,1,1
C0085,4,35.26,6.82,4.23,157,18.6,0,0
C0086,18,36.29,6.76,4.35,133,20.9,0,0
C0087,8,34.89,6.67,5.13,74,17.7,0,0
C0088,4,38.05,6.97,6.46,443,7.0,1,1
C0089,2,37.98,6.97,7.61,552,12.2,1,1
C0090,30,36.02,6.69,4.68,126,21.9,0,0
C0091,6,36.34,6.83,4.15,164,25.3,0,0
C0092,22,35.27,6.63,4.97,102,28.4,0,0
C0093,10,37.73,7.11,6.71,498,8.7,0,1
C0094,4,38.05,7.26,6.39,520,11.7,1,1
C0095,22,38.08,7.17,7.21,483,7.6,0,1
C0096,29,35.94,6.57,4.24,128,24.5,0,0
C0097,18,35.83,6.61,4.75,267,22.3,0,0
C0098,26,34.71,6.51,5.36,110,18.5,0,0
C0099,12,36.24,6.65,4.85,113,23.7,0,0
C0100,2,38.21,7.06,6.71,624,10.4,1,1
C0101,10,37.68,7.05,7.16,631,8.2,1,1
C0102,30,38.89,6.97,6.98,559,6.9,1,1
C0103,4,37.4,7.09,6.97,510,5.2,1,1
C0104,14,35.63,6.75,4.37,111,23.1,0,0
C0105,16,35.22,6.58,4.77,95,16.8,0,0
C0106,15,37.66,7.31,6.24,818,11.9,1,1
C0107,8,38.7,7.21,7.15,448,11.2,1,1
C0108,14,36.09,6.74,5.13,129,22.3,0,0
C0109,23,35.77,6.67,4.67,138,18.1,0,0
C0110,28,35.31,6.71,4.43,125,16.0,0,0
C0111,25,37.93,7.27,6.65,700,8.0,1,1
C0112,30,34.08,6.56,4.61,199,19.9,0,0
C0113,8,36.07,6.71,4.93,137,16.5,0,0
C0114,21,34.63,6.56,4.61,78,16.5,0,0
C0115,16,35.32,6.7,4.68,127,26.3,0,0
C0116,13,34.94,6.51,4.85,126,17.4,0,0
C0117,18,34.85,6.73,4.79,124,19.0,0,0
C0118,15,36.08,6.53,4.1,122,18.9,0,0
C0119,21,35.27,6.71,4.36,124,18.7,0,0
C0120,24,35.67,6.71,4.98,135,21.9,0,0
C0121,26,35.48,6.58,4.66,125,22.8,0,0
C0122,25,37.89,7.09,6.69,520,11.1,0,1
C0123,28,35.54,6.68,4.29,164,16.3,0,0
C0124,28,34.86,6.6,4.38,114,23.8,0,0
C0125,28,38.66,7.03,6.9,712,6.8,1,1
C0126,13,35.25,6.45,4.67,111,25.2,0,0
C0127,9,34.72,6.68,4.52,85,13.3,0,0
C0128,29,35.29,6.49,4.41,165,20.6,0,0
C0129,15,36.25,6.66,4.68,117,25.8,0,0
C0130,13,35.93,6.62,4.81,163,18.9,0,0
C0131,1,35.33,6.72,5.33,54,19.3,0,0
C0132,25,35.33,6.62,4.25,206,20.9,0,0
C0133,7,35.34,6.62,5.05,177,18.3,0,0
C0134,9,36.54,6.72,4.99,90,19.1,0,0
C0135,24,35.69,6.68,4.47,91,19.0,0,0
C0136,1,35.72,6.68,4.76,217,18.1,0,0
C0137,12,36.02,6.7,4.56,121,23.7,0,0
C0138,8,35.62,6.5,4.76,117,21.4,0,0
C0139,24,37.76,7.01,6.84,389,7.7,1,1
C0140,11,35.4,6.71,4.88,136,22.4,0,0
C0141,19,35.46,6.55,4.85,141,19.2,0,0
C0142,17,35.48,6.63,4.57,179,17.7,0,0
C0143,8,35.86,6.65,4.25,94,18.2,0,0
C0144,3,35.53,6.64,4.64,89,20.0,0,0
C0145,3,37.96,7.15,6.74,662,10.8,1,1
C0146,1,37.81,7.29,6.63,470,11.1,1,1
C0147,27,35.54,6.76,4.38,87,18.5,0,0
C0148,5,38.8,7.1,6.24,735,9.8,1,1
C0149,10,35.96,6.71,4.4,152,11.7,0,0
C0150,7,35.67,6.78,4.46,194,19.5,0,0
C0151,26,36.0,6.69,4.57,147,25.2,0,0
C0152,9,37.83,7.04,7.05,582,8.0,1,1
C0153,28,36.54,6.85,4.41,144,22.3,0,0
C0154,7,35.43,6.75,4.91,192,20.3,0,0
C0155,9,36.05,6.67,4.31,114,18.0,0,0
C0156,8,34.98,6.75,4.22,134,13.3,0,0
C0157,12,35.81,6.66,4.51,143,20.6,0,0
C0158,2,34.97,6.65,4.92,34,17.7,0,0
C0159,1,35.19,6.61,4.64,217,17.6,0,0
C0160,16,36.46,6.81,4.56,114,18.5,0,0
C0161,23,35.4,6.57,4.71,170,25.2,0,0
C0162,23,35.61,6.8,4.18,147,27.2,0,0
C0163,30,35.94,6.7,4.85,200,20.7,0,0
C0164,24,35.75,6.51,4.82,166,18.6,0,0
C0165,5,37.1,7.14,6.73,364,10.7,1,1
C0166,3,35.68,6.44,5.0,114,21.4,0,0
C0167,12,36.7,6.71,4.36,182,25.3,0,0
C0168,8,35.47,6.74,5.04,75,19.3,0,0
C0169,22,35.6,6.59,4.75,176,12.9,0,0
C0170,27,36.03,6.66,4.6,106,22.0,0,0
C0171,3,36.05,6.85,4.69,200,23.0,0,0
C0172,1,36.09,6.6,4.67,156,15.2,0,0
C0173,3,35.82,6.54,5.07,176,20.5,0,0
C0174,5,34.93,6.8,4.38,153,21.4,0,0
C0175,15,36.32,6.85,4.47,80,19.8,0,0
C0176,14,34.93,6.65,5.01,116,17.6,0,0
C0177,3,35.65,6.75,4.52,177,23.0,0,0
C0178,1,35.12,6.78,4.97,157,18.8,0,0
C0179,5,35.47,6.58,5.21,197,15.5,0,0
C0180,26,35.66,6.6,4.58,166,13.9,0,0
C0181,23,35.66,6.77,4.9,111,23.8,0,0
C0182,14,35.71,6.82,4.35,118,21.8,0,0
C0183,7,36.31,6.71,4.93,154,20.3,0,0
C0184,27,35.73,6.56,4.76,57,18.7,0,0
C0185,9,39.32,7.31,6.01,674,11.1,1,1
C0186,15,37.25,7.26,6.83,661,9.8,1,1
C0187,15,36.09,6.62,4.2,199,18.7,0,0
C0188,26,34.89,6.68,4.85,87,13.6,0,0
C0189,10,38.54,7.1,6.45,952,9.3,1,1
C0190,28,35.85,6.74,4.6,239,19.1,0,0
C0191,13,35.35,6.69,4.98,97,21.8,0,0
C0192,19,36.19,6.7,4.76,181,19.9,0,0
C0193,7,35.42,6.65,5.28,150,22.4,0,0
C0194,17,35.56,6.71,5.01,88,24.0,0,0
C0195,20,35.41,6.4,4.5,170,23.2,0,0
C0196,29,35.51,6.62,4.71,183,21.4,0,0
C0197,4,34.95,6.67,4.69,126,20.0,0,0
C0198,30,34.78,6.53,4.23,197,17.1,0,0
C0199,5,36.3,6.69,4.42,83,22.2,0,0
C0200,23,35.08,6.63,4.53,90,25.0,0,0
C0201,7,35.0,6.83,4.09,155,21.0,0,0
C0202,13,38.63,6.94,6.37,508,7.9,1,1
C0203,15,35.18,6.6,4.63,121,15.4,0,0
C0204,11,34.84,6.63,4.2,182,16.5,0,0
C0205,29,36.32,6.64,4.82,171,22.6,0,0
C0206,4,36.0,6.6,4.91,184,20.8,0,0
C0207,13,35.16,6.67,4.77,145,23.9,0,0
C0208,7,36.63,6.57,4.6,174,20.0,0,0
C0209,27,35.99,6.54,4.88,132,17.4,0,0
C0210,19,35.34,6.71,4.9,232,19.4,0,0
C0211,22,34.25,6.71,4.79,117,15.4,0,0
C0212,28,36.65,6.57,4.45,234,16.6,0,0
C0213,2,34.81,6.74,4.78,151,22.9,0,0
C0214,10,34.68,6.59,5.06,95,22.6,0,0
C0215,13,36.01,6.68,4.52,205,21.1,0,0
C0216,30,38.04,7.11,7.29,650,9.7,1,1
C0217,25,36.19,6.65,4.54,184,18.9,0,0
C0218,21,35.78,6.7,4.71,199,16.3,0,0
C0219,6,35.8,6.6,4.5,164,23.5,0,0
C0220,28,35.93,6.63,4.77,126,18.2,0,0
C0221,28,35.88,6.63,4.18,189,16.7,0,0
C0222,12,35.64,6.58,4.54,150,20.1,0,0
C0223,12,35.55,6.63,4.37,177,18.1,0,0
C0224,20,35.47,6.5,4.74,64,24.5,0,0
C0225,30,35.12,6.6,5.0,168,17.8,0,0
C0226,30,35.36,6.62,4.89,124,15.8,0,0
C0227,11,34.65,6.62,3.99,216,13.5,0,0
C0228,26,35.45,6.63,5.31,175,19.9,0,0
C0229,23,35.01,6.64,4.79,160,18.3,0,0
C0230,28,34.95,6.7,4.47,169,15.7,0,0
C0231,25,35.59,6.74,4.75,110,23.6,0,0
C0232,7,37.31,7.23,6.58,601,9.6,1,1
C0233,30,35.96,6.53,4.5,230,19.9,0,0
C0234,1,34.71,6.55,4.76,166,24.1,0,0
C0235,1,35.01,6.6,4.52,214,22.0,0,0
C0236,25,35.97,6.61,4.58,127,17.5,0,0
C0237,27,35.01,6.57,4.49,118,16.9,0,0
C0238,30,35.39,6.52,4.27,152,22.5,0,0
C0239,25,35.78,6.6,4.74,167,21.2,0,0
C0240,20,35.02,6.67,4.88,134,20.5,0,0
C0241,13,35.55,6.71,4.85,172,17.5,0,0
C0242,9,38.38,7.16,6.78,546,8.8,0,1
C0243,3,35.2,6.61,4.8,110,17.7,0,0
C0244,7,35.66,6.56,4.54,171,19.7,0,0
C0245,6,34.7,6.65,4.95,185,24.3,0,0
C0246,8,38.54,7.21,6.59,768,10.8,1,1
C0247,27,35.49,6.71,4.43,196,15.3,0,0
C0248,9,35.78,6.47,4.41,101,16.8,0,0
C0249,30,37.92,7.13,6.38,566,10.4,1,1
C0250,5,37.63,7.08,7.26,748,8.9,1,1
C0251,1,37.66,7.02,6.63,486,9.5,1,1
C0252,19,35.29,6.92,5.02,125,18.5,0,0
C0253,10,35.56,6.68,4.44,112,21.5,0,0
C0254,12,35.77,6.55,4.8,128,17.5,0,0
C0255,24,37.05,7.18,7.99,496,11.7,1,1
C0256,15,35.52,6.47,4.95,183,17.8,0,0
C0257,27,35.15,6.64,4.67,137,17.3,0,0
C0258,22,35.17,6.57,4.58,87,18.1,0,0
C0259,24,34.8,6.74,4.86,196,18.9,0,0
C0260,9,36.37,6.6,4.96,117,19.9,0,0
C0261,20,34.88,6.64,4.5,148,20.7,0,0
C0262,17,35.15,6.59,4.68,168,8.9,0,0
C0263,30,35.14,6.82,4.38,158,17.6,0,0
C0264,17,35.95,6.62,3.95,194,18.8,0,0
C0265,26,35.35,6.83,4.76,169,24.5,0,0
C0266,20,36.12,6.73,4.88,116,16.8,0,0
C0267,12,35.16,6.7,4.78,237,20.5,0,0
C0268,30,35.64,6.69,4.12,158,24.5,0,0
C0269,7,35.08,6.69,4.59,144,16.1,0,0
C0270,2,36.57,6.46,4.03,189,21.2,0,0
C0271,3,34.91,6.62,5.11,160,17.6,0,0
C0272,17,35.65,6.73,4.37,166,18.5,0,0
C0273,5,35.82,6.65,5.08,250,17.6,0,0
C0274,17,35.71,6.51,4.98,139,17.8,0,0
C0275,24,35.41,6.64,4.43,137,28.2,0,0
C0276,17,38.09,7.01,6.26,528,8.9,1,1
C0277,27,35.52,6.77,4.81,193,23.3,0,0
C0278,17,38.62,7.18,7.01,599,7.2,1,1
C0279,2,35.98,6.75,4.73,71,15.2,0,0
C0280,2,36.61,6.61,4.56,127,21.2,0,0
C0281,28,35.22,6.48,4.17,85,23.2,0,0
C0282,22,34.82,6.56,4.03,133,17.4,0,0
C0283,23,35.46,6.81,4.77,170,22.9,0,0
C0284,5,36.79,6.62,4.53,114,22.1,0,0
C0285,1,35.1,6.63,4.53,93,25.6,0,0
C0286,1,39.38,7.13,7.83,459,9.3,0,1
C0287,19,38.2,7.07,6.1,711,9.3,1,1
C0288,30,37.75,7.14,7.4,388,9.4,1,1
C0289,2,35.78,6.87,4.6,183,24.3,0,0
C0290,21,36.31,6.63,4.85,183,14.5,0,0
C0291,12,37.65,7.05,6.75,524,7.4,0,1
C0292,26,35.4,6.5,4.77,199,20.3,0,0
C0293,6,35.21,6.8,4.87,238,18.7,0,0
C0294,23,34.99,6.53,4.9,136,20.0,0,0
C0295,4,35.18,6.67,4.12,154,22.8,0,0
C0296,23,38.56,6.99,6.79,652,7.3,1,1
C0297,11,35.52,6.59,4.44,150,14.4,0,0
C0298,24,35.12,6.57,4.73,211,26.1,0,0
C0299,27,35.62,6.59,4.84,96,17.0,0,0
C0300,17,34.72,6.6,5.15,116,16.8,0,0
C0301,6,35.67,6.6,4.55,205,23.3,0,0
C0302,24,37.57,7.16,6.53,509,9.9,1,1
C0303,5,34.5,6.54,5.04,135,19.8,0,0
C0304,20,35.69,6.67,4.79,184,21.4,0,0
C0305,2,36.11,6.77,5.08,164,23.3,0,0
C0306,6,37.59,7.14,6.23,803,10.5,1,1
C0307,22,36.34,6.58,4.35,153,24.6,0,0
C0308,11,38.44,6.89,6.43,565,9.0,1,1
C0309,16,35.15,6.77,4.23,256,22.3,0,0
C0310,16,35.47,6.67,4.9,174,17.5,0,0
C0311,1,35.78,6.6,5.06,152,24.1,0,0
C0312,9,35.54,6.7,5.25,179,20.4,0,0
C0313,28,35.77,6.54,4.95,135,18.0,0,0
C0314,27,35.04,6.72,5.05,246,22.0,0,0
C0315,6,35.58,6.69,4.53,157,22.7,0,0
C0316,16,37.71,6.97,6.39,724,8.2,1,1
C0317,29,35.44,6.57,4.96,117,16.9,0,0
C0318,3,35.05,6.56,4.83,194,18.5,0,0
C0319,20,38.71,7.09,6.13,537,6.6,0,1
C0320,28,36.12,6.77,4.82,130,19.9,0,0
C0321,27,36.05,6.59,4.8,173,22.2,0,0
C0322,4,38.62,7.19,8.09,680,12.1,1,1
C0323,19,34.95,6.44,5.09,157,21.0,0,0
C0324,26,35.34,6.59,4.86,168,19.1,0,0
C0325,3,36.11,6.65,4.95,218,17.5,0,0
C0326,19,35.57,6.56,4.85,119,17.8,0,0
C0327,20,36.66,6.56,4.56,99,19.4,0,0
C0328,7,35.7,6.58,4.93,114,9.2,0,0
C0329,20,37.93,7.22,6.41,564,13.4,1,1
C0330,9,35.35,6.63,5.02,203,17.4,0,0
C0331,1,35.57,6.43,4.34,212,21.6,0,0
C0332,8,35.42,6.44,4.79,163,17.6,0,0
C0333,7,35.85,6.59,4.45,199,19.4,0,0
C0334,18,35.98,6.7,4.87,155,24.6,0,0
C0335,8,35.11,6.38,4.69,146,23.0,0,0
C0336,1,34.83,6.6,4.22,137,22.7,0,0
C0337,11,34.58,6.6,4.83,138,18.5,0,0
C0338,28,37.93,7.13,7.48,817,7.0,0,1
C0339,25,34.95,6.61,4.96,161,19.3,0,0
C0340,25,38.73,7.08,7.26,588,7.6,1,1
C0341,18,35.69,6.66,4.82,180,21.2,0,0
C0342,23,38.15,7.18,7.03,1023,7.1,1,1
C0343,30,35.5,6.73,4.52,143,24.5,0,0
C0344,10,35.92,6.67,4.56,115,19.5,0,0
C0345,3,35.54,6.7,4.96,153,21.9,0,0
C0346,7,35.45,7.04,5.2,180,24.4,0,0
C0347,28,35.96,6.44,4.46,104,23.1,0,0
C0348,16,35.35,6.82,5.02,153,15.8,0,0
C0349,26,35.63,6.62,4.05,159,21.3,0,0
C0350,16,35.66,6.68,4.34,121,22.6,0,0
C0351,25,35.17,6.65,4.41,126,22.7,0,0
C0352,20,36.0,6.61,4.29,159,16.7,0,0
C0353,28,35.41,6.59,4.22,105,18.0,0,0
C0354,17,35.12,6.68,4.82,164,23.0,0,0
C0355,2,35.77,6.5,4.64,114,17.7,0,0
C0356,1,38.82,7.13,7.34,635,8.4,1,1
C0357,16,35.51,6.61,4.91,244,24.7,0,0
C0358,30,35.5,6.54,4.78,116,19.9,0,0
C0359,12,36.04,6.6,4.9,171,17.8,0,0
C0360,5,38.3,7.1,6.31,493,10.2,1,1
C0361,5,35.49,6.6,4.34,192,21.0,0,0
C0362,27,35.91,6.69,5.02,99,16.0,0,0
C0363,23,36.2,6.58,4.52,169,19.3,0,0
C0364,9,35.78,6.73,4.42,115,21.0,0,0
C0365,9,35.51,6.72,4.65,142,23.9,0,0
C0366,3,37.74,7.08,6.67,446,9.5,0,1
C0367,19,37.89,7.42,6.04,469,7.1,0,1
C0368,16,35.35,6.72,4.8,117,23.5,0,0
C0369,16,35.2,6.66,4.8,172,19.1,0,0
C0370,3,37.9,7.09,7.07,596,11.3,1,1
C0371,20,35.53,6.58,4.55,145,19.5,0,0
C0372,24,35.76,6.72,5.02,156,24.3,0,0
C0373,22,35.46,6.63,4.85,120,20.5,0,0
C0374,24,35.74,6.64,5.32,158,20.0,0,0
C0375,1,35.53,6.66,5.05,211,24.9,0,0
C0376,24,34.51,6.68,5.04,119,15.7,0,0
C0377,20,37.41,7.15,6.54,603,8.4,1,1
C0378,11,38.56,7.21,6.91,464,9.4,0,1
C0379,17,34.9,6.81,4.68,117,21.1,0,0
C0380,8,35.8,6.75,4.53,92,20.5,0,0
C0381,4,38.22,7.19,6.53,506,7.2,1,1
C0382,6,38.01,7.02,6.67,702,6.1,1,1
C0383,8,35.39,6.56,4.85,225,18.8,0,0
C0384,20,38.3,7.11,7.4,599,11.8,1,1
C0385,30,37.82,7.18,6.41,705,11.5,1,1
C0386,3,35.33,6.8,4.51,104,15.0,0,0
C0387,16,35.19,6.59,4.77,194,28.1,0,0
C0388,30,35.35,6.63,4.61,127,21.6,0,0
C0389,25,35.31,6.49,4.63,152,20.6,0,0
C0390,3,35.59,6.61,4.93,188,21.8,0,0
C0391,25,38.08,7.03,6.27,549,8.4,1,1
C0392,29,35.5,6.6,5.28,148,19.6,0,0
C0393,18,35.72,6.71,4.15,149,18.1,0,0
C0394,14,36.1,6.63,4.52,177,21.8,0,0
C0395,18,35.97,6.68,4.81,174,21.2,0,0
C0396,2,38.74,7.08,7.64,730,12.9,0,1
C0397,22,34.22,6.66,4.67,153,24.3,0,0
C0398,3,35.97,6.35,4.68,135,20.9,0,0
C0399,16,34.82,6.63,4.82,91,22.2,0,0
C0400,29,35.39,6.49,4.63,160,24.2,0,0
C0401,9,34.91,6.77,5.12,226,20.1,0,0
C0402,4,34.6,6.73,4.95,115,21.0,0,0
C0403,1,35.77,6.7,4.96,119,22.4,0,0
C0404,4,35.88,6.8,4.41,115,17.8,0,0
C0405,1,35.21,6.56,4.68,179,20.2,0,0
C0406,14,34.2,6.82,4.61,168,20.4,0,0
C0407,21,37.81,7.11,5.98,611,8.3,1,1
C0408,16,35.7,6.63,4.81,113,27.0,0,0
C0409,20,34.76,6.76,4.54,154,15.8,0,0
C0410,24,35.59,6.54,4.9,87,16.1,0,0
C0411,8,35.49,6.57,4.38,156,23.9,0,0
C0412,7,35.79,6.59,5.22,185,22.1,0,0
C0413,3,35.56,6.6,4.43,100,16.9,0,0
C0414,17,38.57,7.18,6.34,559,9.4,0,1
C0415,1,36.1,6.77,4.94,213,24.4,0,0
C0416,16,35.42,6.62,4.53,126,19.9,0,0
C0417,12,35.49,6.69,4.96,195,27.8,0,0
C0418,27,37.37,7.23,6.65,591,10.1,1,1
C0419,19,35.28,6.47,5.14,144,22.1,0,0
C0420,22,35.06,6.68,4.7,168,23.5,0,0
C0421,23,35.41,6.46,4.52,115,22.7,0,0
C0422,22,36.36,6.64,4.61,155,19.4,0,0
C0423,14,34.81,6.51,4.94,135,19.1,0,0
C0424,30,38.08,7.02,6.77,740,11.4,1,1
C0425,6,36.24,6.74,4.48,163,22.4,0,0
C0426,6,35.4,6.66,4.63,139,21.8,0,0
C0427,13,35.17,6.78,4.35,144,23.1,0,0
C0428,19,36.02,6.57,5.25,102,16.9,0,0
C0429,22,35.2,6.7,4.53,214,19.3,0,0
C0430,8,36.41,6.67,4.95,185,17.2,0,0
C0431,27,35.84,6.68,4.76,189,18.8,0,0
C0432,27,35.26,6.78,4.4,138,23.0,0,0
C0433,2,36.58,6.72,4.7,81,20.3,0,0
C0434,21,35.2,6.68,4.94,228,27.8,0,0
C0435,30,35.87,6.48,4.64,148,20.6,0,0
C0436,1,35.65,6.55,5.06,120,20.2,0,0
C0437,28,36.15,6.64,5.01,167,20.3,0,0
C0438,15,36.28,6.66,4.98,197,18.1,0,0
C0439,1,37.79,7.12,6.13,597,7.6,1,1
C0440,5,38.29,7.23,5.71,593,8.6,1,1
C0441,28,35.73,6.8,4.52,193,20.3,0,0
C0442,29,35.16,6.71,4.76,107,17.6,0,0
C0443,16,36.51,6.66,4.86,123,17.2,0,0
C0444,19,35.57,6.63,4.05,188,18.6,0,0
C0445,4,35.32,6.55,4.7,41,20.2,0,0
C0446,3,35.59,6.66,4.75,144,23.6,0,0
C0447,17,34.83,6.68,4.62,93,16.0,0,0
C0448,17,35.01,6.53,5.09,131,19.0,0,0
C0449,12,36.1,6.68,4.83,138,20.4,0,0
C0450,28,35.17,6.63,5.09,136,14.5,0,0
C0451,30,34.98,6.46,4.64,128,17.5,0,0
C0452,29,35.77,6.56,4.98,106,18.0,0,0
C0453,14,36.09,6.61,5.19,242,17.6,0,0
C0454,21,35.86,6.84,5.09,225,20.6,0,0
C0455,6,36.0,6.71,4.37,104,19.5,0,0
C0456,3,35.12,6.52,4.62,213,18.3,0,0
C0457,28,34.79,6.7,4.6,134,21.3,0,0
C0458,9,36.25,6.5,4.85,155,25.2,0,0
C0459,5,35.34,6.76,4.91,147,24.9,0,0
C0460,24,35.37,6.6,4.45,124,14.2,0,0
C0461,29,36.16,6.64,4.72,189,21.7,0,0
C0462,17,38.3,7.14,6.54,604,10.2,1,1
C0463,14,38.44,7.01,6.42,705,9.4,1,1
C0464,21,36.58,6.51,4.55,98,18.8,0,0
C0465,3,35.18,6.59,4.72,114,20.4,0,0
C0466,28,35.96,6.75,4.61,84,20.5,0,0
C0467,1,35.53,6.5,5.04,150,18.3,0,0
C0468,20,37.97,7.09,5.81,498,10.5,1,1
C0469,29,36.26,6.6,4.7,139,18.7,0,0
C0470,21,35.75,6.71,4.67,205,20.7,0,0
C0471,23,35.77,6.77,4.56,198,21.8,0,0
C0472,1,36.04,6.6,5.22,149,22.6,0,0
C0473,3,35.32,6.61,4.43,147,18.5,0,0
C0474,18,35.08,6.77,4.93,225,20.9,0,0
C0475,25,34.98,6.46,4.81,171,22.9,0,0
C0476,10,38.66,7.22,7.13,648,9.4,0,1
C0477,22,38.71,6.98,7.28,637,8.3,1,1
C0478,26,34.95,6.69,4.48,166,19.3,0,0
C0479,3,35.39,6.6,5.03,183,20.6,0,0
C0480,8,35.36,6.65,4.83,125,16.6,0,0
C0481,14,35.65,6.4,4.24,162,19.4,0,0
C0482,24,35.91,6.58,4.54,135,22.2,0,0
C0483,18,35.93,6.7,4.82,143,21.9,0,0
C0484,15,35.21,6.55,4.95,50,19.2,0,0
C0485,22,35.42,6.66,4.5,141,20.7,0,0
C0486,23,35.64,6.69,3.83,189,17.5,0,0
C0487,2,35.38,6.62,4.86,125,22.1,0,0
C0488,27,37.52,7.14,7.39,488,6.7,1,1
C0489,10,35.75,6.55,4.09,120,19.2,0,0
C0490,2,35.87,6.63,3.85,164,18.9,0,0
C0491,26,38.05,7.04,6.5,692,12.2,1,1
C0492,17,36.09,6.67,4.74,112,18.7,0,0
C0493,8,38.99,7.2,6.37,655,11.3,1,1
C0494,1,34.85,6.67,5.12,187,18.8,0,0
C0495,9,35.7,6.72,4.89,126,24.8,0,0
C0496,11,35.17,6.45,5.18,170,24.4,0,0
C0497,22,35.24,6.77,4.28,171,17.3,0,0
C0498,16,35.79,6.62,4.69,176,20.2,0,0
C0499,7,36.12,6.69,4.21,82,18.0,0,0
C0500,29,35.51,6.77,4.63,190,19.0,0,0
C0501,10,35.65,6.51,4.63,127,26.0,0,0
C0502,23,38.76,7.15,6.86,648,10.1,0,1
C0503,26,37.27,7.23,7.65,726,10.1,1,1
C0504,3,36.8,6.57,4.89,162,21.6,0,0
C0505,18,35.78,6.82,4.91,135,17.0,0,0
C0506,25,34.62,6.56,5.35,62,17.4,0,0
C0507,24,35.88,6.59,4.61,206,16.4,0,0
C0508,13,37.79,7.16,6.66,597,12.3,1,1
C0509,28,36.14,6.53,4.77,110,11.4,0,0
C0510,26,35.84,6.61,4.46,137,21.6,0,0
C0511,7,35.43,6.68,5.14,207,26.2,0,0
C0512,25,34.89,6.62,4.62,181,20.4,0,0
C0513,4,35.4,6.64,4.53,144,15.8,0,0
C0514,13,37.46,7.08,6.43,614,12.3,1,1
C0515,20,35.21,6.5,4.92,126,18.6,0,0
C0516,1,35.79,6.68,4.65,156,16.9,0,0
C0517,8,36.33,6.83,4.51,153,22.6,0,0
C0518,14,38.16,7.27,6.92,575,7.6,1,1
C0519,16,37.75,7.11,6.64,793,9.8,1,1
C0520,14,35.72,6.72,4.71,170,22.2,0,0
C0521,12,36.1,6.52,4.9,136,24.6,0,0
C0522,19,35.2,6.82,4.21,180,25.7,0,0
C0523,23,35.43,6.67,4.84,146,28.6,0,0
C0524,15,38.02,6.95,6.55,742,11.4,1,1
C0525,28,35.11,6.58,4.95,134,28.5,0,0
C0526,2,35.82,6.83,4.41,153,18.9,0,0
C0527,2,35.44,6.73,4.91,186,18.2,0,0
C0528,23,35.71,6.71,5.03,143,21.0,0,0
C0529,22,35.06,6.67,4.96,102,18.3,0,0
C0530,19,35.28,6.63,4.78,152,21.2,0,0
C0531,25,35.86,6.77,4.63,155,16.0,0,0
C0532,26,35.31,6.66,4.53,157,19.3,0,0
C0533,30,36.36,6.45,5.14,187,23.9,0,0
C0534,29,35.3,6.54,4.49,191,19.8,0,0
C0535,22,35.61,6.63,4.39,126,20.4,0,0
C0536,26,35.97,6.68,4.9,125,21.4,0,0
C0537,26,34.79,6.64,4.46,108,23.5,0,0
C0538,22,34.62,6.77,4.41,178,15.0,0,0
C0539,17,34.74,6.45,4.27,208,21.8,0,0
C0540,20,36.13,6.66,4.56,137,19.2,0,0
C0541,10,35.22,6.47,4.68,140,20.5,0,0
C0542,6,38.49,7.16,7.31,801,9.4,1,1
C0543,15,35.22,6.64,4.99,170,16.4,0,0
C0544,22,35.59,6.69,4.86,167,17.0,0,0
C0545,11,36.27,6.56,4.64,102,14.2,0,0
C0546,28,36.5,6.78,4.64,177,18.4,0,0
C0547,5,36.53,6.75,4.85,113,24.0,0,0
C0548,1,36.1,6.71,5.08,105,19.6,0,0
C0549,8,36.01,6.64,4.74,136,16.0,0,0
C0550,21,35.8,6.71,4.56,127,18.5,0,0
C0551,28,35.89,6.58,4.4,141,15.5,0,0
C0552,12,35.22,6.74,4.27,92,16.6,0,0
C0553,12,35.09,6.81,4.9,188,21.2,0,0
C0554,5,35.5,6.76,4.87,195,16.5,0,0
C0555,7,35.41,6.58,4.87,72,23.3,0,0
C0556,4,35.27,6.69,4.66,189,19.8,0,0
C0557,6,35.85,6.52,5.12,118,20.3,0,0
C0558,13,35.98,6.71,4.55,184,19.2,0,0
C0559,20,35.54,6.7,4.99,147,22.3,0,0
C0560,30,38.44,7.03,6.73,642,7.3,1,1
C0561,15,34.93,6.53,4.52,143,21.0,0,0
C0562,3,35.4,6.62,4.88,198,21.7,0,0
C0563,23,35.14,6.62,4.82,100,19.4,0,0
C0564,8,34.57,6.53,4.81,174,21.6,0,0
C0565,20,35.46,6.69,4.72,194,19.0,0,0
C0566,16,35.44,6.68,4.69,179,20.0,0,0
C0567,13,38.42,7.09,7.05,810,10.3,0,1
C0568,18,35.82,6.57,5.06,129,18.6,0,0
C0569,28,37.72,7.19,6.18,499,10.0,1,1
C0570,10,36.43,6.82,4.73,146,21.4,0,0
C0571,30,36.11,6.6,5.0,199,23.9,0,0
C0572,19,35.79,6.59,4.86,150,23.5,0,0
C0573,17,38.23,7.07,7.18,543,9.6,1,1
C0574,24,35.02,6.61,4.61,202,23.9,0,0
C0575,19,38.0,7.07,6.37,761,8.7,1,1
C0576,28,36.04,6.72,3.75,93,21.8,0,0
C0577,26,36.44,6.46,4.76,129,17.3,0,0
C0578,23,37.81,7.15,6.81,675,10.8,1,1
C0579,26,35.26,6.66,5.18,206,20.9,0,0
C0580,5,34.94,6.61,4.71,154,15.5,0,0
C0581,26,35.57,6.64,4.34,203,21.8,0,0
C0582,21,37.96,7.25,6.43,578,8.7,1,1
C0583,30,37.24,7.19,7.46,671,9.6,1,1
C0584,23,35.43,6.8,4.84,138,24.1,0,0
C0585,9,35.27,6.65,4.79,145,19.4,0,0
C0586,12,38.29,7.14,8.05,662,7.7,1,1
C0587,21,35.76,6.75,4.46,178,13.3,0,0
C0588,1,35.23,6.55,4.71,132,27.3,0,0
C0589,26,38.0,7.07,6.18,537,12.0,0,1
C0590,26,34.06,6.62,4.91,148,19.1,0,0
C0591,1,35.49,6.73,4.86,113,14.1,0,0
C0592,15,36.39,6.44,4.85,145,20.9,0,0
C0593,2,38.25,7.04,7.41,604,9.3,0,1
C0594,30,37.74,6.86,6.7,398,10.8,0,1
C0595,22,36.92,7.06,6.62,637,13.1,1,1
C0596,16,35.73,6.7,4.61,153,17.2,0,0
C0597,25,37.76,7.15,7.82,671,8.8,1,1
C0598,8,37.57,7.14,7.03,282,8.5,1,1
C0599,13,35.88,6.64,4.44,103,22.9,0,0
C0600,21,37.8,6.97,7.46,511,8.4,0,1
C0601,1,35.45,6.73,5.03,261,15.8,0,0
C0602,16,35.4,6.61,4.62,108,22.9,0,0
C0603,29,35.06,6.36,4.63,96,19.2,0,0
C0604,7,35.09,6.61,4.58,179,15.8,0,0
C0605,5,35.39,6.55,4.54,67,24.1,0,0
C0606,22,35.68,6.49,4.79,141,26.3,0,0
C0607,29,35.96,6.53,4.25,236,19.9,0,0
C0608,23,35.1,6.66,5.08,88,26.5,0,0
C0609,3,36.25,6.78,4.5,71,20.3,0,0
C0610,12,35.36,6.68,4.92,90,18.9,0,0
C0611,26,35.49,6.59,4.32,186,18.1,0,0
C0612,16,35.13,6.7,4.9,195,24.9,0,0
C0613,19,34.29,6.6,4.9,129,17.7,0,0
C0614,5,35.94,6.58,4.82,177,22.2,0,0
C0615,22,37.69,7.04,6.82,511,8.9,1,1
C0616,25,35.36,6.47,4.77,221,18.6,0,0
C0617,29,35.53,6.61,4.35,140,23.1,0,0
C0618,14,35.76,6.67,4.62,58,18.9,0,0
C0619,28,37.44,7.3,6.94,730,9.1,0,1
C0620,5,35.24,6.61,4.94,133,23.4,0,0
C0621,15,37.92,7.06,6.8,542,8.2,1,1
C0622,17,34.87,6.71,4.41,142,21.9,0,0
C0623,30,38.08,7.13,6.63,580,7.4,1,1
C0624,14,34.82,6.73,4.71,201,18.5,0,0
C0625,30,38.56,7.14,6.31,765,11.9,1,1
C0626,20,35.48,6.57,4.93,194,21.0,0,0
C0627,5,34.69,6.5,4.69,164,17.0,0,0
C0628,12,36.08,6.6,5.06,153,22.2,0,0
C0629,16,35.13,6.75,4.37,186,20.3,0,0
C0630,26,35.09,6.7,3.75,153,14.9,0,0
C0631,26,37.52,7.24,7.75,638,7.5,1,1
C0632,16,37.52,7.26,7.31,557,10.9,1,1
C0633,21,34.99,6.54,4.19,129,19.8,0,0
C0634,7,35.53,6.62,4.41,145,25.7,0,0
C0635,4,35.71,6.57,5.53,168,20.7,0,0
C0636,1,35.85,6.78,4.61,201,17.5,0,0
C0637,30,35.59,6.53,4.92,149,20.7,0,0
C0638,30,35.32,6.74,4.5,93,18.9,0,0
C0639,5,35.09,6.74,4.07,184,21.0,0,0
C0640,23,35.54,6.83,4.65,180,21.7,0,0
C0641,26,34.96,6.61,4.62,72,23.6,0,0
C0642,10,34.04,6.72,4.58,150,19.9,0,0
C0643,22,35.72,6.88,4.67,86,24.9,0,0
C0644,5,35.95,6.59,4.78,123,22.7,0,0
C0645,4,37.96,6.89,7.36,690,6.7,1,1
C0646,2,35.0,6.46,4.32,182,26.6,0,0
C0647,20,35.81,6.72,4.85,155,21.0,0,0
C0648,10,36.53,6.46,4.12,99,17.5,0,0
C0649,26,35.51,6.61,4.08,185,25.0,0,0
C0650,19,38.03,7.14,7.03,422,11.4,0,1
C0651,26,35.41,6.67,4.85,163,19.9,0,0
C0652,1,36.19,6.69,4.68,117,18.5,0,0
C0653,24,35.18,6.67,4.28,135,19.5,0,0
C0654,5,37.86,7.15,7.29,499,10.3,0,1
C0655,13,38.84,6.96,7.01,391,9.8,1,1
C0656,4,35.02,6.58,4.22,203,21.7,0,0
C0657,16,35.56,6.57,4.48,147,20.3,0,0
C0658,24,36.31,6.73,4.9,162,24.5,0,0
C0659,16,38.41,7.05,7.25,448,10.0,1,1
C0660,23,35.37,6.7,4.57,157,23.1,0,0
C0661,2,38.41,7.1,7.13,884,9.3,1,1
C0662,17,34.72,6.53,4.13,146,21.3,0,0
C0663,28,35.94,6.82,4.9,78,19.7,0,0
C0664,27,35.46,6.8,4.46,163,19.8,0,0
C0665,20,35.41,6.72,4.79,165,18.9,0,0
C0666,24,37.1,6.83,4.63,123,24.0,0,0
C0667,12,35.65,6.48,5.1,99,17.8,0,0
C0668,18,35.12,6.6,4.44,209,17.8,0,0
C0669,3,35.29,6.58,4.89,170,26.4,0,0
C0670,28,36.07,6.72,4.62,141,22.9,0,0
C0671,1,35.56,6.54,4.65,105,12.8,0,0
C0672,1,38.58,6.96,5.91,327,11.7,1,1
C0673,29,37.89,6.91,6.33,576,9.5,1,1
C0674,19,37.98,7.18,7.04,974,7.7,1,1
C0675,11,37.23,7.03,7.66,599,10.8,1,1
C0676,5,36.04,6.55,4.77,170,19.6,0,0
C0677,12,35.28,6.57,4.73,117,16.6,0,0
C0678,3,36.14,6.77,4.94,210,20.2,0,0
C0679,1,35.53,6.73,4.98,204,15.1,0,0
C0680,1,35.93,6.65,4.38,131,20.2,0,0
C0681,8,38.28,7.19,6.43,475,8.2,1,1
C0682,10,35.08,6.45,4.34,45,24.5,0,0
C0683,11,35.18,6.54,4.88,91,24.2,0,0
C0684,12,36.01,6.84,4.89,96,22.4,0,0
C0685,29,35.33,6.52,4.13,155,19.0,0,0
C0686,13,35.3,6.67,4.73,137,26.0,0,0
C0687,12,35.02,6.75,4.56,96,15.3,0,0
C0688,14,38.41,7.08,6.3,633,6.3,1,1
C0689,2,36.53,6.67,5.11,170,19.7,0,0
C0690,29,34.97,6.74,4.5,171,26.8,0,0
C0691,19,38.87,7.12,7.19,683,7.6,1,1
C0692,18,38.69,7.18,6.52,547,10.4,0,1
C0693,3,37.35,6.94,5.38,498,8.9,1,1
C0694,23,38.34,7.13,7.48,523,8.4,1,1
C0695,17,34.97,6.63,5.05,181,22.9,0,0
C0696,26,35.71,6.73,4.86,114,22.4,0,0
C0697,8,35.41,6.69,4.05,119,18.1,0,0
C0698,29,35.99,6.58,4.54,132,17.9,0,0
C0699,26,36.09,6.67,4.53,60,16.1,0,0
C0700,10,36.79,6.46,4.84,163,20.3,0,0
C0701,26,35.79,6.71,3.91,139,16.8,0,0
C0702,30,35.66,6.68,5.46,189,16.5,0,0
C0703,2,35.6,6.71,4.86,106,18.7,0,0
C0704,19,35.32,6.76,4.74,125,18.5,0,0
C0705,9,35.67,6.69,5.05,90,18.4,0,0
C0706,7,35.35,6.66,5.4,110,21.4,0,0
C0707,4,37.71,7.25,7.31,590,9.4,1,1
C0708,26,36.16,6.58,4.98,190,19.1,0,0
C0709,21,35.0,6.77,4.74,122,20.5,0,0
C0710,18,36.07,6.79,4.66,155,17.0,0,0
C0711,13,38.04,7.17,6.77,838,9.6,1,1
C0712,11,35.44,6.65,4.45,99,20.5,0,0
C0713,29,34.44,6.56,4.49,143,15.5,0,0
C0714,24,35.2,6.77,4.29,174,23.0,0,0
C0715,4,36.15,6.72,4.68,102,17.4,0,0
C0716,25,38.44,7.04,6.08,521,11.5,0,1
C0717,21,35.0,6.56,4.76,116,23.5,0,0
C0718,29,35.25,6.61,4.69,131,22.8,0,0
C0719,25,38.34,6.98,5.93,622,9.1,1,1
C0720,4,37.9,7.21,7.47,500,6.3,1,1
C0721,10,35.38,6.63,5.62,152,22.8,0,0
C0722,5,39.18,7.03,6.82,628,9.2,1,1
C0723,9,35.3,6.74,4.33,155,18.1,0,0
C0724,24,35.04,6.72,4.77,55,17.6,0,0
C0725,3,36.31,6.56,4.52,77,13.8,0,0
C0726,17,35.34,6.79,4.4,175,20.5,0,0
C0727,3,36.11,6.77,4.3,191,19.8,0,0
C0728,16,38.73,6.9,7.47,592,6.6,1,1
C0729,4,37.33,7.06,6.98,590,10.1,1,1
C0730,18,35.28,6.71,4.99,162,24.0,0,0
C0731,17,37.7,7.16,6.32,507,4.7,1,1
C0732,7,35.49,6.65,5.11,69,23.4,0,0
C0733,24,35.05,6.43,4.44,115,18.4,0,0
C0734,23,35.66,6.74,4.84,137,22.3,0,0
C0735,30,34.91,6.49,4.89,178,15.6,0,0
C0736,5,38.43,7.08,6.05,473,9.9,1,1
C0737,12,37.81,7.19,7.43,729,9.7,1,1
C0738,17,35.6,6.63,5.18,94,19.2,0,0
C0739,23,35.64,6.59,4.77,166,21.3,0,0
C0740,13,35.37,6.62,4.89,203,18.4,0,0
C0741,23,35.79,6.79,4.45,154,16.8,0,0
C0742,25,37.66,7.24,5.93,523,10.1,1,1
C0743,3,35.94,6.78,4.53,188,19.7,0,0
C0744,9,34.83,6.68,4.66,177,18.5,0,0
C0745,30,35.56,6.53,4.38,109,20.1,0,0
C0746,17,36.47,6.54,4.7,165,27.9,0,0
C0747,17,35.0,6.82,4.19,190,23.5,0,0
C0748,30,35.16,6.56,4.36,197,23.5,0,0
C0749,20,35.76,6.53,4.9,147,21.3,0,0
C0750,16,35.59,6.76,4.88,136,20.5,0,0
C0751,25,38.29,6.95,6.79,521,8.8,0,1
C0752,22,35.74,6.56,4.39,102,18.0,0,0
C0753,13,35.82,6.67,4.39,168,18.6,0,0
C0754,27,37.69,7.19,6.5,641,9.3,1,1
C0755,19,35.7,6.76,4.89,193,16.5,0,0
C0756,17,37.59,7.12,5.76,235,7.5,1,1
C0757,4,35.84,6.7,4.55,201,19.9,0,0
C0758,12,36.45,6.69,4.35,170,22.5,0,0
C0759,29,35.43,6.83,4.78,101,23.3,0,0
C0760,9,35.01,6.65,4.45,207,21.2,0,0
C0761,19,36.05,6.53,4.54,212,17.1,0,0
C0762,12,35.44,6.69,5.1,185,14.2,0,0
C0763,9,34.41,6.86,4.95,120,14.7,0,0
C0764,7,35.92,6.55,4.75,138,16.2,0,0
C0765,28,35.23,6.61,4.32,156,17.3,0,0
C0766,14,38.16,7.06,6.59,785,9.9,1,1
C0767,20,38.04,7.08,7.03,489,12.5,1,1
C0768,19,36.89,6.91,6.67,749,8.0,1,1
C0769,26,35.85,6.76,5.11,42,19.3,0,0
C0770,15,35.28,6.88,5.09,164,20.0,0,0
C0771,16,35.76,6.67,5.2,136,23.4,0,0
C0772,21,35.37,6.56,4.79,147,16.5,0,0
C0773,5,35.87,6.5,4.88,135,21.3,0,0
C0774,3,35.81,6.68,5.12,182,20.0,0,0
C0775,12,35.03,6.76,4.83,195,19.0,0,0
C0776,25,36.04,6.7,4.55,161,22.7,0,0
C0777,20,35.23,6.65,4.57,136,22.6,0,0
C0778,27,35.9,6.59,4.77,148,17.2,0,0
C0779,21,35.68,6.54,4.31,151,19.5,0,0
C0780,4,37.43,7.27,6.77,543,9.3,1,1
C0781,21,35.39,6.74,5.03,173,19.2,0,0
C0782,23,35.33,6.5,4.04,168,21.8,0,0
C0783,16,35.49,6.81,5.16,212,20.8,0,0
C0784,25,35.35,6.71,5.04,200,25.5,0,0
C0785,7,35.9,6.79,4.56,123,15.4,0,0
C0786,13,34.69,6.52,4.86,183,19.6,0,0
C0787,21,34.97,6.51,4.7,112,17.3,0,0
C0788,10,34.97,6.64,5.07,178,21.8,0,0
C0789,26,35.98,6.7,4.99,129,15.1,0,0
C0790,7,36.36,6.83,4.28,109,21.0,0,0
C0791,14,37.65,7.16,6.97,528,11.8,1,1
C0792,26,35.42,6.63,4.64,43,17.8,0,0
C0793,5,35.54,6.55,4.72,80,15.7,0,0
C0794,3,37.85,7.13,6.07,491,9.7,1,1
C0795,23,35.04,6.55,5.22,153,23.3,0,0
C0796,29,35.62,6.81,5.01,135,19.9,0,0
C0797,11,35.99,6.62,4.48,87,21.9,0,0
C0798,11,35.75,6.81,4.3,117,25.0,0,0
C0799,18,38.51,7.05,6.79,492,9.7,1,1
C0800,15,36.0,6.64,4.83,173,18.3,0,0
